{
  "model/models-dbg.js": 1663559739962,
  "manifest.json": 1663587075344,
  "utils/locate-reuse-libs.js": 1663559739958,
  "model/models.js": 1663559739962,
  "controller/View1.controller.js": 1663579855907,
  "controller/App.controller.js": 1663559739966,
  "Component.js": 1663559739954,
  "manifest-bundle.zip": 1663587075362,
  "Component-preload.js": 1663587075640,
  "utils/locate-reuse-libs-dbg.js": 1663559739958,
  "i18n/i18n.properties": 1663578561269,
  "controller/View1-dbg.controller.js": 1663579855907,
  "controller/App-dbg.controller.js": 1663559739966,
  "Component-dbg.js": 1663559739954,
  "view/View1.view.xml": 1663579582750,
  "view/App.view.xml": 1663559739974,
  "css/style.css": 1663579385394,
  "index.html": 1663559739954
}