{
  "model/Energy Consumption.png": 1664865281111,
  "model/formatter.js": 1666244848842,
  "utils/locate-reuse-libs.js": 1664865281111,
  "model/models.js": 1664865281111,
  "manifest.json": 1666248980086,
  "controller/View2.controller.js": 1666248256154,
  "controller/View1.controller.js": 1666245367244,
  "controller/App.controller.js": 1664865281111,
  "Component.js": 1664865281111,
  "manifest-bundle.zip": 1666248980098,
  "Component-preload.js": 1666248980497,
  "utils/locate-reuse-libs-dbg.js": 1664865281111,
  "model/models-dbg.js": 1664865281111,
  "model/formatter-dbg.js": 1666244848842,
  "controller/View2-dbg.controller.js": 1666248256154,
  "controller/View1-dbg.controller.js": 1666245367244,
  "controller/App-dbg.controller.js": 1664865281111,
  "Component-dbg.js": 1664865281111,
  "view/View2.view.xml": 1666244787550,
  "view/View1.view.xml": 1666248948548,
  "view/App.view.xml": 1664865281111,
  "model/energy.jpg": 1664865281111,
  "model/co2.png": 1666174983873,
  "model/IBM-Logo.png": 1664865281111,
  "i18n/i18n.properties": 1665760855409,
  "model/CO2.svg": 1664865281111,
  "css/style.css": 1666187603862,
  "index.html": 1664865281111
}