{
  "controller/View1-dbg.controller.js": 1666156370949,
  "controller/View2.controller.js": 1666154317376,
  "utils/locate-reuse-libs.js": 1664865281111,
  "model/models.js": 1664865281111,
  "model/formatter.js": 1666089992012,
  "manifest.json": 1666157017924,
  "controller/View1.controller.js": 1666156370949,
  "controller/App.controller.js": 1664865281111,
  "Component.js": 1664865281111,
  "manifest-bundle.zip": 1666157017939,
  "Component-preload.js": 1666157018267,
  "controller/App-dbg.controller.js": 1664865281111,
  "model/models-dbg.js": 1664865281111,
  "model/formatter-dbg.js": 1666089992012,
  "controller/View2-dbg.controller.js": 1666154317376,
  "i18n/i18n.properties": 1665760855409,
  "utils/locate-reuse-libs-dbg.js": 1664865281111,
  "Component-dbg.js": 1664865281111,
  "view/View2.view.xml": 1665757105939,
  "view/View1.view.xml": 1666156807749,
  "view/App.view.xml": 1664865281111,
  "model/energy.jpg": 1664865281111,
  "model/IBM-Logo.png": 1664865281111,
  "model/Energy Consumption.png": 1664865281111,
  "model/CO2.svg": 1664865281111,
  "css/style.css": 1666156975062,
  "index.html": 1664865281111
}