{
  "utils/locate-reuse-libs.js": 1664865281111,
  "model/formatter.js": 1665382347107,
  "i18n/i18n.properties": 1664865281111,
  "model/models.js": 1664865281111,
  "manifest.json": 1665475360676,
  "controller/View2.controller.js": 1665475307360,
  "controller/View1.controller.js": 1665475286884,
  "controller/App.controller.js": 1664865281111,
  "Component.js": 1664865281111,
  "manifest-bundle.zip": 1665475360694,
  "Component-preload.js": 1665475361143,
  "controller/View2-dbg.controller.js": 1665475307360,
  "model/models-dbg.js": 1664865281111,
  "model/formatter-dbg.js": 1665382347107,
  "utils/locate-reuse-libs-dbg.js": 1664865281111,
  "controller/View1-dbg.controller.js": 1665475286884,
  "controller/App-dbg.controller.js": 1664865281111,
  "Component-dbg.js": 1664865281111,
  "view/View2.view.xml": 1664865281111,
  "view/View1.view.xml": 1665392548463,
  "view/App.view.xml": 1664865281111,
  "model/energy.jpg": 1664865281111,
  "model/IBM-Logo.png": 1664865281111,
  "model/Energy Consumption.png": 1664865281111,
  "model/CO2.svg": 1664865281111,
  "css/style.css": 1665383864977,
  "index.html": 1664865281111
}