{
  "Component-dbg.js": 1664865281111,
  "manifest.json": 1665760800373,
  "utils/locate-reuse-libs.js": 1664865281111,
  "model/models.js": 1664865281111,
  "model/formatter.js": 1665760710597,
  "controller/View2.controller.js": 1665475307360,
  "controller/View1.controller.js": 1665760604506,
  "controller/App.controller.js": 1664865281111,
  "Component.js": 1664865281111,
  "manifest-bundle.zip": 1665760800382,
  "Component-preload.js": 1665760800669,
  "controller/View2-dbg.controller.js": 1665475307360,
  "model/models-dbg.js": 1664865281111,
  "model/formatter-dbg.js": 1665760710597,
  "utils/locate-reuse-libs-dbg.js": 1664865281111,
  "controller/View1-dbg.controller.js": 1665760604506,
  "controller/App-dbg.controller.js": 1664865281111,
  "i18n/i18n.properties": 1664865281111,
  "view/View2.view.xml": 1665757105939,
  "view/View1.view.xml": 1665760564665,
  "view/App.view.xml": 1664865281111,
  "model/energy.jpg": 1664865281111,
  "model/IBM-Logo.png": 1664865281111,
  "model/Energy Consumption.png": 1664865281111,
  "model/CO2.svg": 1664865281111,
  "css/style.css": 1665383864977,
  "index.html": 1664865281111
}